-- phpMyAdmin SQL Dump
-- version 5.0.2
-- https://www.phpmyadmin.net/
--
-- Host: 127.0.0.1
-- Generation Time: Oct 16, 2020 at 02:07 PM
-- Server version: 10.4.14-MariaDB
-- PHP Version: 7.4.9

SET SQL_MODE = "NO_AUTO_VALUE_ON_ZERO";
START TRANSACTION;
SET time_zone = "+00:00";


/*!40101 SET @OLD_CHARACTER_SET_CLIENT=@@CHARACTER_SET_CLIENT */;
/*!40101 SET @OLD_CHARACTER_SET_RESULTS=@@CHARACTER_SET_RESULTS */;
/*!40101 SET @OLD_COLLATION_CONNECTION=@@COLLATION_CONNECTION */;
/*!40101 SET NAMES utf8mb4 */;

--
-- Database: `pharmaster_db`
--

-- --------------------------------------------------------

--
-- Table structure for table `companies`
--

CREATE TABLE `companies` (
  `ID` int(11) NOT NULL,
  `NAME` varchar(100) NOT NULL,
  `PHONE` varchar(20) NOT NULL,
  `ADDRESS` varchar(100) NOT NULL,
  `EMAIL` varchar(100) DEFAULT NULL,
  `IMAGE` varchar(200) DEFAULT NULL
) ENGINE=InnoDB DEFAULT CHARSET=utf8;

--
-- Dumping data for table `companies`
--

INSERT INTO `companies` (`ID`, `NAME`, `PHONE`, `ADDRESS`, `EMAIL`, `IMAGE`) VALUES
(1, 'Alex Pharma', '010002666744', 'Alexandria - Egypt', 'alexpharma@example.com', 'file:/D:/courses/software%20engineering/Projects/ProjectController/Pharmaster_v1/resources/noCompany.JPG'),
(2, 'Pharco', '011116477766', 'Ciro, Egypt', 'undefined!', 'file:/D:/courses/software%20engineering/Projects/new_workspace/Pharmaster_2/resources/noCompany.JPG');

-- --------------------------------------------------------

--
-- Table structure for table `employees`
--

CREATE TABLE `employees` (
  `ID` int(11) NOT NULL,
  `NAME` varchar(100) NOT NULL,
  `GENDER` varchar(20) NOT NULL,
  `ADDRESS` varchar(100) NOT NULL,
  `USERNAME` varchar(100) NOT NULL,
  `PASSWORD` varchar(100) NOT NULL,
  `JOBTITLE` varchar(10) NOT NULL,
  `SALARY` double NOT NULL,
  `PHONE` varchar(20) NOT NULL,
  `EMAIL` varchar(100) DEFAULT NULL,
  `IMAGE` varchar(200) DEFAULT NULL
) ENGINE=InnoDB DEFAULT CHARSET=utf8;

--
-- Dumping data for table `employees`
--

INSERT INTO `employees` (`ID`, `NAME`, `GENDER`, `ADDRESS`, `USERNAME`, `PASSWORD`, `JOBTITLE`, `SALARY`, `PHONE`, `EMAIL`, `IMAGE`) VALUES
(1, 'محمد امين عبد العليم خالد', 'male', 'البحيره - ابوحمص - بلقطر الشرقيه - كدوة السبيل', 'admin', 'admin', 'admin', 4000.8, '01028477846', 'mohamedamin.tech@gmail.com', 'file:/C:/Users/MohamedAmin/Desktop/collection/profile/profile_1.jpg'),
(2, 'محمد ابراهيم المحمدى', 'male', 'الدقهليه - المنصوره - ميت فمر', 'user', 'user', 'user', 300.8, '01039483845', '', 'file:/C:/Users/MohamedAmin/Desktop/collection/mohamady.JPG'),
(3, 'ابراهيم محمد شعبان', 'male', 'البحيره - ايتاى البارود - غرب', 'admin2', 'admin2', 'admin', 5000.2, '012837465656', '', 'file:/D:/pictures/ghost%20house/IMG_20161014_171928.jpg'),
(4, 'نادر رفعت سليمان', 'male', 'المنوفيه - بركة السبع ', 'user2', 'user2', 'user', 3000.6, '011272787988', '', 'file:/C:/Users/MohamedAmin/Desktop/nader.JPG');

-- --------------------------------------------------------

--
-- Table structure for table `log`
--

CREATE TABLE `log` (
  `NO` double NOT NULL,
  `LOGIN` varchar(100) NOT NULL,
  `LOGOUT` varchar(100) NOT NULL DEFAULT '0000-00-00 00:00:00',
  `EMP_ID` int(11) NOT NULL
) ENGINE=InnoDB DEFAULT CHARSET=utf8;

--
-- Dumping data for table `log`
--

INSERT INTO `log` (`NO`, `LOGIN`, `LOGOUT`, `EMP_ID`) VALUES
(1593116091510, '2020-06-25 22:14:51', '2020-06-25 22:15:49', 1),
(1593116416277, '2020-06-25 22:20:16', '2020-06-25 22:22:22', 2),
(1593116572360, '2020-06-25 22:22:52', '2020-06-25 22:25:00', 1),
(1593119620716, '2020-06-25 11:13:40 PM', '2020-06-25 11:14:13 PM', 1),
(1593120865171, '2020-06-25 11:34:25 PM', '0000-00-00 00:00:00', 1),
(1593121183517, '2020-06-25 11:39:43 PM', '0000-00-00 00:00:00', 3),
(1593122380122, '2020-06-25 11:59:40 PM', '0000-00-00 00:00:00', 3),
(1593122681965, '2020-06-26 12:04:41 AM', '0000-00-00 00:00:00', 1),
(1593123151852, '2020-06-26 12:12:31 AM', '2020-06-26 12:12:58 AM', 3),
(1593123257472, '2020-06-26 12:14:17 AM', '2020-06-26 12:14:48 AM', 2),
(1593124627477, '2020-06-26 12:37:07 AM', '2020-06-26 12:38:23 AM', 1),
(1593124922033, '2020-06-26 12:42:02 AM', '2020-06-26 12:45:54 AM', 1),
(1593125300998, '2020-06-26 12:48:20 AM', '2020-06-26 12:48:58 AM', 1),
(1593125542657, '2020-06-26 12:52:22 AM', '2020-06-26 12:57:09 AM', 1),
(1593130231473, '2020-06-26 02:10:31 AM', '2020-06-26 02:10:51 AM', 1),
(1593130294635, '2020-06-26 02:11:34 AM', '2020-06-26 02:11:44 AM', 1),
(1593130847596, '2020-06-26 02:20:47 AM', '2020-06-26 02:22:03 AM', 1),
(1593131221170, '2020-06-26 02:27:01 AM', '2020-06-26 02:27:59 AM', 1),
(1593131838118, '2020-06-26 02:37:18 AM', '2020-06-26 02:37:33 AM', 1),
(1593132049331, '2020-06-26 02:40:49 AM', '2020-06-26 02:44:07 AM', 1),
(1593133326381, '2020-06-26 03:02:06 AM', '2020-06-26 03:05:56 AM', 1),
(1593134047069, '2020-06-26 03:14:07 AM', '2020-06-26 03:15:19 AM', 1),
(1593161449647, '2020-06-26 10:50:49 AM', '2020-06-26 11:29:02 AM', 1),
(1593164278941, '2020-06-26 11:37:58 AM', '2020-06-26 11:39:04 AM', 1),
(1593164357705, '2020-06-26 11:39:17 AM', '2020-06-26 11:39:48 AM', 2),
(1593166011080, '2020-06-26 12:06:51 PM', '2020-06-26 12:13:55 PM', 1),
(1593173902914, '2020-06-26 02:18:22 PM', '2020-06-26 02:51:16 PM', 1),
(1593175306853, '2020-06-26 02:41:46 PM', '2020-06-26 02:41:53 PM', 1),
(1593175363849, '2020-06-26 02:42:43 PM', '2020-06-26 02:42:47 PM', 1),
(1593175469276, '2020-06-26 02:44:29 PM', '2020-06-26 02:44:32 PM', 1),
(1593175751856, '2020-06-26 02:49:11 PM', '2020-06-26 02:50:13 PM', 1),
(1593175891416, '2020-06-26 02:51:31 PM', '2020-06-26 02:52:20 PM', 1),
(1593176580278, '2020-06-26 03:03:00 PM', '2020-06-26 03:08:08 PM', 1),
(1593176907089, '2020-06-26 03:08:27 PM', '2020-06-26 03:09:35 PM', 1),
(1593178054660, '2020-06-26 03:27:34 PM', '2020-06-26 03:31:04 PM', 1),
(1593178403927, '2020-06-26 03:33:23 PM', '2020-06-26 03:33:38 PM', 1),
(1593178426650, '2020-06-26 03:33:46 PM', '2020-06-26 03:34:31 PM', 2),
(1593178590200, '2020-06-26 03:36:30 PM', '2020-06-26 03:36:45 PM', 2),
(1593179310281, '2020-06-26 03:48:30 PM', '2020-06-26 03:56:25 PM', 1),
(1593179739688, '2020-06-26 03:55:39 PM', '2020-06-26 03:55:52 PM', 2),
(1593179799757, '2020-06-26 03:56:39 PM', '2020-06-26 03:56:59 PM', 2),
(1593179827575, '2020-06-26 03:57:07 PM', '2020-06-26 04:03:37 PM', 1),
(1593180790464, '2020-06-26 04:13:10 PM', '0000-00-00 00:00:00', 1),
(1593181036840, '2020-06-26 04:17:16 PM', '0000-00-00 00:00:00', 1),
(1593181448266, '2020-06-26 04:24:08 PM', '2020-06-26 04:24:29 PM', 1),
(1593181563798, '2020-06-26 04:26:03 PM', '2020-06-26 04:26:19 PM', 1),
(1593181789421, '2020-06-26 04:29:49 PM', '2020-06-26 04:31:38 PM', 1),
(1593182085426, '2020-06-26 04:34:45 PM', '2020-06-26 04:49:37 PM', 1),
(1593182178933, '2020-06-26 04:36:18 PM', '2020-06-26 04:36:59 PM', 1),
(1593182243374, '2020-06-26 04:37:23 PM', '2020-06-26 04:37:59 PM', 1),
(1593182494695, '2020-06-26 04:41:34 PM', '2020-06-26 04:49:29 PM', 1),
(1593182993335, '2020-06-26 04:49:53 PM', '2020-06-26 04:54:32 PM', 1),
(1593183486539, '2020-06-26 04:58:06 PM', '2020-06-26 04:59:43 PM', 1),
(1593184206617, '2020-06-26 05:10:06 PM', '2020-06-26 05:11:50 PM', 1),
(1593184582955, '2020-06-26 05:16:22 PM', '2020-06-26 05:19:28 PM', 1),
(1593185444848, '2020-06-26 05:30:44 PM', '2020-06-26 05:35:06 PM', 1),
(1593342788200, '2020-06-28 01:13:08 PM', '2020-06-28 01:14:06 PM', 2),
(1593342873407, '2020-06-28 01:14:33 PM', '2020-06-28 01:14:51 PM', 2),
(1593343045579, '2020-06-28 01:17:25 PM', '2020-06-28 01:17:40 PM', 2),
(1593343083144, '2020-06-28 01:18:03 PM', '2020-06-28 01:18:32 PM', 2),
(1593343238613, '2020-06-28 01:20:38 PM', '2020-06-28 01:21:13 PM', 2),
(1593343306094, '2020-06-28 01:21:46 PM', '2020-06-28 01:22:55 PM', 2),
(1593343609741, '2020-06-28 01:26:49 PM', '2020-06-28 01:28:02 PM', 2),
(1593343754918, '2020-06-28 01:29:14 PM', '2020-06-28 01:29:50 PM', 2),
(1593343812329, '2020-06-28 01:30:12 PM', '2020-06-28 01:31:13 PM', 2),
(1593343985576, '2020-06-28 01:33:05 PM', '2020-06-28 01:33:20 PM', 2),
(1593344060383, '2020-06-28 01:34:20 PM', '2020-06-28 01:35:20 PM', 2),
(1593344178511, '2020-06-28 01:36:18 PM', '2020-06-28 01:38:14 PM', 2),
(1593344351343, '2020-06-28 01:39:11 PM', '2020-06-28 01:40:17 PM', 2),
(1593344718647, '2020-06-28 01:45:18 PM', '2020-06-28 01:47:45 PM', 2),
(1593344933346, '2020-06-28 01:48:53 PM', '2020-06-28 01:49:11 PM', 2),
(1593344978197, '2020-06-28 01:49:38 PM', '2020-06-28 01:50:58 PM', 2),
(1593345161801, '2020-06-28 01:52:41 PM', '2020-06-28 01:53:19 PM', 2),
(1593345270880, '2020-06-28 01:54:30 PM', '2020-06-28 01:55:00 PM', 2),
(1593345338960, '2020-06-28 01:55:38 PM', '2020-06-28 01:57:59 PM', 2),
(1593345964500, '2020-06-28 02:06:04 PM', '2020-06-28 02:07:40 PM', 2),
(1593346070594, '2020-06-28 02:07:50 PM', '2020-06-28 02:08:56 PM', 2),
(1593346508732, '2020-06-28 02:15:08 PM', '2020-06-28 02:16:33 PM', 2),
(1593346950408, '2020-06-28 02:22:30 PM', '2020-06-28 02:42:15 PM', 2),
(1593348033780, '2020-06-28 02:40:33 PM', '2020-06-28 02:42:11 PM', 2),
(1593349059586, '2020-06-28 02:57:39 PM', '2020-06-28 02:58:27 PM', 2),
(1593349549996, '2020-06-28 03:05:49 PM', '2020-06-28 03:06:50 PM', 2),
(1593351843789, '2020-06-28 03:44:03 PM', '2020-06-28 03:44:28 PM', 2),
(1593352405773, '2020-06-28 03:53:25 PM', '2020-06-28 03:53:38 PM', 2),
(1593352588653, '2020-06-28 03:56:28 PM', '2020-06-28 03:56:44 PM', 2),
(1593360845064, '2020-06-28 06:14:05 PM', '2020-06-28 06:14:27 PM', 2),
(1593360904227, '2020-06-28 06:15:04 PM', '2020-06-28 06:15:20 PM', 2),
(1593361061007, '2020-06-28 06:17:41 PM', '2020-06-28 06:17:52 PM', 2),
(1593367882267, '2020-06-28 08:11:22 PM', '2020-06-28 08:12:37 PM', 2),
(1593368153992, '2020-06-28 08:15:53 PM', '2020-06-28 08:16:11 PM', 2),
(1593368258262, '2020-06-28 08:17:38 PM', '2020-06-28 08:19:16 PM', 2),
(1593419199871, '2020-06-29 10:26:39 AM', '2020-06-29 10:27:00 AM', 2),
(1593420031580, '2020-06-29 10:40:31 AM', '2020-06-29 10:40:56 AM', 2),
(1593420140292, '2020-06-29 10:42:20 AM', '2020-06-29 10:45:01 AM', 2),
(1593420407178, '2020-06-29 10:46:47 AM', '2020-06-29 10:47:30 AM', 2),
(1593426619814, '2020-06-29 12:30:19 PM', '2020-06-29 12:30:36 PM', 2),
(1593426977304, '2020-06-29 12:36:17 PM', '2020-06-29 12:36:48 PM', 2),
(1593427083305, '2020-06-29 12:38:03 PM', '2020-06-29 12:38:24 PM', 2),
(1593427270155, '2020-06-29 12:41:10 PM', '2020-06-29 12:41:23 PM', 2),
(1593431309412, '2020-06-29 01:48:29 PM', '2020-06-29 01:51:19 PM', 2),
(1593552825571, '2020-06-30 11:33:45 PM', '2020-06-30 11:34:09 PM', 2),
(1593553581109, '2020-06-30 11:46:21 PM', '2020-06-30 11:46:37 PM', 2),
(1593554155010, '2020-06-30 11:55:55 PM', '2020-06-30 11:56:08 PM', 2),
(1593609097620, '2020-07-01 03:11:37 PM', '2020-07-01 03:12:18 PM', 2),
(1593609517078, '2020-07-01 03:18:37 PM', '2020-07-01 04:22:25 PM', 2),
(1593613196102, '2020-07-01 04:19:56 PM', '2020-07-01 04:22:20 PM', 2),
(1593614671002, '2020-07-01 04:44:31 PM', '2020-07-01 04:45:27 PM', 2),
(1593615005389, '2020-07-01 04:50:05 PM', '2020-07-01 04:51:43 PM', 2),
(1593615431144, '2020-07-01 04:57:11 PM', '2020-07-01 04:57:35 PM', 2),
(1593616064415, '2020-07-01 05:07:44 PM', '2020-07-01 05:08:39 PM', 2),
(1593616230428, '2020-07-01 05:10:30 PM', '2020-07-01 05:13:03 PM', 2),
(1593853348261, '2020-07-04 11:02:28 AM', '2020-07-04 11:04:07 AM', 2),
(1593853456770, '2020-07-04 11:04:16 AM', '2020-07-04 11:04:22 AM', 2),
(1593853602946, '2020-07-04 11:06:42 AM', '2020-07-04 11:06:48 AM', 2),
(1593853616716, '2020-07-04 11:06:56 AM', '2020-07-04 11:07:23 AM', 2),
(1593853652897, '2020-07-04 11:07:32 AM', '2020-07-04 11:08:46 AM', 2),
(1593853746316, '2020-07-04 11:09:06 AM', '2020-07-04 11:09:45 AM', 2),
(1593854428782, '2020-07-04 11:20:28 AM', '2020-07-04 11:26:41 AM', 1),
(1593855297168, '2020-07-04 11:34:57 AM', '2020-07-04 11:43:07 AM', 1),
(1593858680213, '2020-07-04 12:31:20 PM', '2020-07-04 12:32:03 PM', 1),
(1593862314089, '2020-07-04 01:31:54 PM', '2020-07-04 01:32:53 PM', 1),
(1593862545336, '2020-07-04 01:35:45 PM', '2020-07-04 01:36:40 PM', 1),
(1593862730068, '2020-07-04 01:38:50 PM', '2020-07-04 01:39:33 PM', 1),
(1593863073258, '2020-07-04 01:44:33 PM', '2020-07-04 01:45:18 PM', 1),
(1593863163549, '2020-07-04 01:46:03 PM', '2020-07-04 01:46:18 PM', 1),
(1593863256679, '2020-07-04 01:47:36 PM', '2020-07-04 01:49:14 PM', 1),
(1593865428566, '2020-07-04 02:23:48 PM', '2020-07-04 02:25:06 PM', 1),
(1593865644435, '2020-07-04 02:27:24 PM', '2020-07-04 02:27:59 PM', 1),
(1593865855772, '2020-07-04 02:30:55 PM', '2020-07-04 02:32:01 PM', 1),
(1593866028394, '2020-07-04 02:33:48 PM', '2020-07-04 02:36:36 PM', 1),
(1593866469184, '2020-07-04 02:41:09 PM', '2020-07-04 02:42:32 PM', 1),
(1593866613202, '2020-07-04 02:43:33 PM', '2020-07-04 02:44:56 PM', 1),
(1593874029276, '2020-07-04 04:47:09 PM', '2020-07-04 04:53:19 PM', 1),
(1594034177099, '2020-07-06 01:16:17 PM', '2020-07-06 01:18:17 PM', 2),
(1594546571573, '2020-07-12 11:36:11 AM', '2020-07-12 11:36:39 AM', 1),
(1594742916022, '2020-07-14 06:08:36 PM', '2020-07-14 06:09:50 PM', 1),
(1594743070533, '2020-07-14 06:11:10 PM', '2020-07-14 06:15:10 PM', 1),
(1594804380123, '2020-07-15 11:13:00 AM', '2020-07-15 11:15:30 AM', 1),
(1594805033647, '2020-07-15 11:23:53 AM', '2020-07-15 11:35:55 AM', 1),
(1594805617451, '2020-07-15 11:33:37 AM', '2020-07-15 11:36:35 AM', 1),
(1594806271594, '2020-07-15 11:44:31 AM', '2020-07-15 11:45:57 AM', 1),
(1594806731823, '2020-07-15 11:52:11 AM', '2020-07-15 11:54:25 AM', 1),
(1594807231808, '2020-07-15 12:00:31 PM', '2020-07-15 12:01:56 PM', 1),
(1594812253121, '2020-07-15 01:24:13 PM', '2020-07-15 01:25:25 PM', 1),
(1594812339477, '2020-07-15 01:25:39 PM', '2020-07-15 01:27:29 PM', 1),
(1594813111060, '2020-07-15 01:38:31 PM', '2020-07-15 01:39:44 PM', 1),
(1594813824971, '2020-07-15 01:50:24 PM', '2020-07-15 01:52:02 PM', 1),
(1594814074279, '2020-07-15 01:54:34 PM', '2020-07-15 01:55:55 PM', 1),
(1594815076549, '2020-07-15 02:11:16 PM', '2020-07-15 02:12:23 PM', 1),
(1594815469954, '2020-07-15 02:17:49 PM', '2020-07-15 02:18:37 PM', 1),
(1594815655390, '2020-07-15 02:20:55 PM', '2020-07-15 02:21:39 PM', 1),
(1594815817349, '2020-07-15 02:23:37 PM', '2020-07-15 02:24:28 PM', 1),
(1594815957137, '2020-07-15 02:25:57 PM', '2020-07-15 02:26:42 PM', 1),
(1594816171431, '2020-07-15 02:29:31 PM', '2020-07-15 02:30:16 PM', 1),
(1594816750390, '2020-07-15 02:39:10 PM', '2020-07-15 02:40:55 PM', 1),
(1594817548351, '2020-07-15 02:52:28 PM', '0000-00-00 00:00:00', 1),
(1594901639153, '2020-07-16 02:13:59 PM', '2020-07-16 02:16:36 PM', 1),
(1594902238842, '2020-07-16 02:23:58 PM', '2020-07-16 02:24:50 PM', 1),
(1594902543430, '2020-07-16 02:29:03 PM', '2020-07-16 02:29:59 PM', 1),
(1594902659574, '2020-07-16 02:30:59 PM', '2020-07-16 02:32:04 PM', 1),
(1594902788887, '2020-07-16 02:33:08 PM', '2020-07-16 02:33:55 PM', 1),
(1594903041671, '2020-07-16 02:37:21 PM', '2020-07-16 02:58:27 PM', 1),
(1594905030005, '2020-07-16 03:10:30 PM', '0000-00-00 00:00:00', 1),
(1594905407797, '2020-07-16 03:16:47 PM', '2020-07-16 03:30:50 PM', 1),
(1594907283899, '2020-07-16 03:48:03 PM', '2020-07-16 03:52:03 PM', 1),
(1594910676865, '2020-07-16 04:44:36 PM', '2020-07-16 04:45:17 PM', 2),
(1594910900826, '2020-07-16 04:48:20 PM', '2020-07-16 04:49:30 PM', 2),
(1594971699305, '2020-07-17 09:41:39 AM', '2020-07-17 09:41:53 AM', 2),
(1594971887140, '2020-07-17 09:44:47 AM', '2020-07-17 09:44:52 AM', 2),
(1594971981875, '2020-07-17 09:46:21 AM', '2020-07-17 09:46:27 AM', 2),
(1594972139227, '2020-07-17 09:48:59 AM', '2020-07-17 09:50:53 AM', 2),
(1594978120400, '2020-07-17 11:28:40 AM', '2020-07-17 11:29:23 AM', 2),
(1594978610093, '2020-07-17 11:36:50 AM', '2020-07-17 11:39:12 AM', 2),
(1594978823574, '2020-07-17 11:40:23 AM', '2020-07-17 11:42:51 AM', 2),
(1594979433472, '2020-07-17 11:50:33 AM', '2020-07-17 11:53:21 AM', 2),
(1594979610351, '2020-07-17 11:53:30 AM', '2020-07-17 11:54:05 AM', 2),
(1594979655545, '2020-07-17 11:54:15 AM', '2020-07-17 11:59:07 AM', 2),
(1594979967089, '2020-07-17 11:59:27 AM', '2020-07-17 12:00:59 PM', 2),
(1594981070366, '2020-07-17 12:17:50 PM', '2020-07-17 12:18:09 PM', 2),
(1594981281873, '2020-07-17 12:21:21 PM', '2020-07-17 12:22:22 PM', 2),
(1594982162019, '2020-07-17 12:36:02 PM', '2020-07-17 12:36:36 PM', 2),
(1594986984188, '2020-07-17 01:56:24 PM', '2020-07-17 01:57:18 PM', 2),
(1594987135757, '2020-07-17 01:58:55 PM', '2020-07-17 01:59:33 PM', 2),
(1594987390954, '2020-07-17 02:03:10 PM', '2020-07-17 02:03:46 PM', 2),
(1594987630362, '2020-07-17 02:07:10 PM', '2020-07-17 02:08:11 PM', 2),
(1594987783060, '2020-07-17 02:09:43 PM', '2020-07-17 02:12:54 PM', 2),
(1594988226705, '2020-07-17 02:17:06 PM', '2020-07-17 02:19:13 PM', 2),
(1594988391591, '2020-07-17 02:19:51 PM', '2020-07-17 02:20:26 PM', 2),
(1594988478181, '2020-07-17 02:21:18 PM', '2020-07-17 02:22:04 PM', 2),
(1594989805621, '2020-07-17 02:43:25 PM', '2020-07-17 02:44:24 PM', 1),
(1594990022420, '2020-07-17 02:47:02 PM', '2020-07-17 02:47:37 PM', 1),
(1594990105993, '2020-07-17 02:48:25 PM', '2020-07-17 02:49:20 PM', 1),
(1594990285279, '2020-07-17 02:51:25 PM', '2020-07-17 02:52:41 PM', 1),
(1594990488878, '2020-07-17 02:54:48 PM', '2020-07-17 02:55:42 PM', 1),
(1594995295004, '2020-07-17 04:14:55 PM', '2020-07-17 04:15:41 PM', 2),
(1594995435335, '2020-07-17 04:17:15 PM', '2020-07-17 04:18:09 PM', 2),
(1594995635812, '2020-07-17 04:20:35 PM', '2020-07-17 04:21:04 PM', 2),
(1594995918397, '2020-07-17 04:25:18 PM', '2020-07-17 04:25:33 PM', 2),
(1594996004795, '2020-07-17 04:26:44 PM', '2020-07-17 04:27:00 PM', 2),
(1594997032528, '2020-07-17 04:43:52 PM', '2020-07-17 04:44:07 PM', 2),
(1594997264572, '2020-07-17 04:47:44 PM', '2020-07-17 04:48:04 PM', 2),
(1594997669253, '2020-07-17 04:54:29 PM', '2020-07-17 04:54:46 PM', 2),
(1594998087030, '2020-07-17 05:01:27 PM', '2020-07-17 05:01:45 PM', 2),
(1594998184174, '2020-07-17 05:03:04 PM', '2020-07-17 05:04:11 PM', 2),
(1594998822658, '2020-07-17 05:13:42 PM', '2020-07-17 05:14:36 PM', 1),
(1595003049769, '2020-07-17 06:24:09 PM', '2020-07-17 06:24:37 PM', 2),
(1595003172944, '2020-07-17 06:26:12 PM', '2020-07-17 06:26:29 PM', 2),
(1595003299483, '2020-07-17 06:28:19 PM', '2020-07-17 06:28:38 PM', 2),
(1595003348100, '2020-07-17 06:29:08 PM', '2020-07-17 06:29:30 PM', 2),
(1595056932360, '2020-07-18 09:22:12 AM', '2020-07-18 09:27:20 AM', 2),
(1595057409804, '2020-07-18 09:30:09 AM', '2020-07-18 09:31:59 AM', 2),
(1595057918268, '2020-07-18 09:38:38 AM', '2020-07-18 09:41:05 AM', 2),
(1595058476477, '2020-07-18 09:47:56 AM', '2020-07-18 09:52:35 AM', 2),
(1595063877738, '2020-07-18 11:17:57 AM', '2020-07-18 11:18:16 AM', 2),
(1595064202688, '2020-07-18 11:23:22 AM', '2020-07-18 11:25:30 AM', 2),
(1595064938835, '2020-07-18 11:35:38 AM', '2020-07-18 11:42:19 AM', 2),
(1595072151516, '2020-07-18 01:35:51 PM', '2020-07-18 01:40:43 PM', 2),
(1595073056812, '2020-07-18 01:50:56 PM', '2020-07-18 01:51:26 PM', 2),
(1595073394141, '2020-07-18 01:56:34 PM', '2020-07-18 01:57:05 PM', 2),
(1595074085359, '2020-07-18 02:08:05 PM', '2020-07-18 02:11:29 PM', 2),
(1595075717510, '2020-07-18 02:35:17 PM', '2020-07-18 02:36:10 PM', 2),
(1595076034941, '2020-07-18 02:40:34 PM', '2020-07-18 02:46:42 PM', 2),
(1595076506742, '2020-07-18 02:48:26 PM', '2020-07-18 02:49:01 PM', 2),
(1595076697421, '2020-07-18 02:51:37 PM', '2020-07-18 02:53:34 PM', 2),
(1595077021041, '2020-07-18 02:57:01 PM', '2020-07-18 03:00:15 PM', 2),
(1595078787394, '2020-07-18 03:26:27 PM', '2020-07-18 03:27:02 PM', 2),
(1595079224508, '2020-07-18 03:33:44 PM', '2020-07-18 03:35:00 PM', 2),
(1595079373586, '2020-07-18 03:36:13 PM', '2020-07-18 03:37:19 PM', 2),
(1595079482984, '2020-07-18 03:38:02 PM', '2020-07-18 03:38:55 PM', 2),
(1595080259551, '2020-07-18 03:50:59 PM', '2020-07-18 03:52:20 PM', 1),
(1595080589952, '2020-07-18 03:56:29 PM', '2020-07-18 03:57:21 PM', 2),
(1595080659130, '2020-07-18 03:57:39 PM', '2020-07-18 03:58:35 PM', 1),
(1595080845482, '2020-07-18 04:00:45 PM', '2020-07-18 04:02:26 PM', 1),
(1595088222938, '2020-07-18 06:03:42 PM', '2020-07-18 06:04:53 PM', 2),
(1595088545776, '2020-07-18 06:09:05 PM', '2020-07-18 06:10:03 PM', 2),
(1595089021266, '2020-07-18 06:17:01 PM', '2020-07-18 06:17:29 PM', 2),
(1595089454016, '2020-07-18 06:24:14 PM', '2020-07-18 06:24:51 PM', 2),
(1595089570500, '2020-07-18 06:26:10 PM', '2020-07-18 06:30:21 PM', 2),
(1595090148019, '2020-07-18 06:35:48 PM', '2020-07-18 06:37:09 PM', 2),
(1595090321147, '2020-07-18 06:38:41 PM', '2020-07-18 06:40:04 PM', 2),
(1595091686908, '2020-07-18 07:01:26 PM', '2020-07-18 07:03:34 PM', 2),
(1595091955663, '2020-07-18 07:05:55 PM', '2020-07-18 07:08:13 PM', 2),
(1595092197592, '2020-07-18 07:09:57 PM', '2020-07-18 07:11:36 PM', 2),
(1595092606717, '2020-07-18 07:16:46 PM', '2020-07-18 07:18:23 PM', 2),
(1595092810441, '2020-07-18 07:20:10 PM', '2020-07-18 07:20:48 PM', 1),
(1595092928480, '2020-07-18 07:22:08 PM', '2020-07-18 07:22:35 PM', 1),
(1595144564705, '2020-07-19 09:42:44 AM', '2020-07-19 09:44:52 AM', 2),
(1595144702465, '2020-07-19 09:45:02 AM', '2020-07-19 09:48:42 AM', 1),
(1595147071999, '2020-07-19 10:24:31 AM', '2020-07-19 10:24:40 AM', 1),
(1595148288187, '2020-07-19 10:44:48 AM', '2020-07-19 10:45:49 AM', 1),
(1595149062210, '2020-07-19 10:57:42 AM', '2020-07-19 11:00:28 AM', 1),
(1595149309030, '2020-07-19 11:01:49 AM', '2020-07-19 11:02:36 AM', 1),
(1595149403389, '2020-07-19 11:03:23 AM', '2020-07-19 11:04:00 AM', 1),
(1595149641700, '2020-07-19 11:07:21 AM', '2020-07-19 11:09:29 AM', 1),
(1595151228947, '2020-07-19 11:33:48 AM', '2020-07-19 11:34:07 AM', 1),
(1595151314633, '2020-07-19 11:35:14 AM', '2020-07-19 11:37:37 AM', 1),
(1595154069280, '2020-07-19 12:21:09 PM', '2020-07-19 12:22:27 PM', 1),
(1595154361577, '2020-07-19 12:26:01 PM', '2020-07-19 12:27:39 PM', 1),
(1595159321365, '2020-07-19 01:48:41 PM', '2020-07-19 02:13:03 PM', 1),
(1595160808911, '2020-07-19 02:13:28 PM', '2020-07-19 02:16:48 PM', 1),
(1595161307482, '2020-07-19 02:21:47 PM', '2020-07-19 02:23:26 PM', 1),
(1595163596633, '2020-07-19 02:59:56 PM', '2020-07-19 03:03:55 PM', 1),
(1595165004486, '2020-07-19 03:23:24 PM', '2020-07-19 03:28:25 PM', 1),
(1595165325158, '2020-07-19 03:28:45 PM', '2020-07-19 03:37:17 PM', 1),
(1595165861061, '2020-07-19 03:37:41 PM', '2020-07-19 03:40:12 PM', 1),
(1595168304586, '2020-07-19 04:18:24 PM', '2020-07-19 04:19:54 PM', 1),
(1595172204005, '2020-07-19 05:23:24 PM', '2020-07-19 05:24:59 PM', 1),
(1595172598309, '2020-07-19 05:29:58 PM', '2020-07-19 05:33:35 PM', 1),
(1595173365966, '2020-07-19 05:42:45 PM', '2020-07-19 05:44:25 PM', 1),
(1595173603760, '2020-07-19 05:46:43 PM', '2020-07-19 05:52:46 PM', 1),
(1595175310201, '2020-07-19 06:15:10 PM', '2020-07-19 06:19:37 PM', 1),
(1595178874712, '2020-07-19 07:14:34 PM', '2020-07-19 07:22:17 PM', 1),
(1595179359939, '2020-07-19 07:22:39 PM', '2020-07-19 07:23:58 PM', 1),
(1595229352633, '2020-07-20 09:15:52 AM', '2020-07-20 10:03:30 AM', 1),
(1595231588503, '2020-07-20 09:53:08 AM', '2020-07-20 09:56:49 AM', 1),
(1595232229799, '2020-07-20 10:03:49 AM', '2020-07-20 10:06:52 AM', 1),
(1595233655204, '2020-07-20 10:27:35 AM', '2020-07-20 10:38:04 AM', 1),
(1595234300622, '2020-07-20 10:38:20 AM', '2020-07-20 10:46:20 AM', 1),
(1595235162931, '2020-07-20 10:52:42 AM', '2020-07-20 11:02:58 AM', 1),
(1595238266311, '2020-07-20 11:44:26 AM', '2020-07-20 11:45:12 AM', 1),
(1595238367415, '2020-07-20 11:46:07 AM', '2020-07-20 11:46:22 AM', 1),
(1595238411964, '2020-07-20 11:46:51 AM', '2020-07-20 11:48:59 AM', 1),
(1595238797354, '2020-07-20 11:53:17 AM', '2020-07-20 11:53:26 AM', 1),
(1595238916452, '2020-07-20 11:55:16 AM', '2020-07-20 11:58:02 AM', 1),
(1595239132593, '2020-07-20 11:58:52 AM', '2020-07-20 11:59:58 AM', 1),
(1595239268243, '2020-07-20 12:01:08 PM', '2020-07-20 12:01:56 PM', 1),
(1595239687050, '2020-07-20 12:08:07 PM', '2020-07-20 12:08:42 PM', 1),
(1595239765166, '2020-07-20 12:09:25 PM', '2020-07-20 12:09:42 PM', 1),
(1595240161809, '2020-07-20 12:16:01 PM', '2020-07-20 12:19:45 PM', 1),
(1595241148332, '2020-07-20 12:32:28 PM', '2020-07-20 12:33:00 PM', 1),
(1595241207978, '2020-07-20 12:33:27 PM', '2020-07-20 12:33:41 PM', 1),
(1595241434116, '2020-07-20 12:37:14 PM', '2020-07-20 12:37:43 PM', 1),
(1595244024142, '2020-07-20 01:20:24 PM', '2020-07-20 01:21:24 PM', 1),
(1595244257483, '2020-07-20 01:24:17 PM', '2020-07-20 01:25:45 PM', 1),
(1595244798094, '2020-07-20 01:33:18 PM', '2020-07-20 01:42:53 PM', 1),
(1595245671034, '2020-07-20 01:47:51 PM', '2020-07-20 01:51:18 PM', 1),
(1595246089466, '2020-07-20 01:54:49 PM', '2020-07-20 01:56:30 PM', 1),
(1595246292847, '2020-07-20 01:58:12 PM', '2020-07-20 02:01:22 PM', 1),
(1595246589561, '2020-07-20 02:03:09 PM', '0000-00-00 00:00:00', 1),
(1595246930591, '2020-07-20 02:08:50 PM', '2020-07-20 02:10:40 PM', 1),
(1595247393022, '2020-07-20 02:16:33 PM', '2020-07-20 02:18:00 PM', 1),
(1595247620017, '2020-07-20 02:20:20 PM', '2020-07-20 02:20:42 PM', 1),
(1595247723144, '2020-07-20 02:22:03 PM', '2020-07-20 02:22:36 PM', 1),
(1595247882478, '2020-07-20 02:24:42 PM', '2020-07-20 02:25:05 PM', 1),
(1595248320190, '2020-07-20 02:32:00 PM', '2020-07-20 02:32:18 PM', 1),
(1595248656044, '2020-07-20 02:37:36 PM', '2020-07-20 02:37:47 PM', 1),
(1595248904939, '2020-07-20 02:41:44 PM', '2020-07-20 02:42:04 PM', 1),
(1595249160145, '2020-07-20 02:46:00 PM', '2020-07-20 02:46:12 PM', 1),
(1595249499627, '2020-07-20 02:51:39 PM', '2020-07-20 02:51:52 PM', 1),
(1595249735156, '2020-07-20 02:55:35 PM', '2020-07-20 02:55:47 PM', 1),
(1595249890828, '2020-07-20 02:58:10 PM', '2020-07-20 02:58:25 PM', 1),
(1595250993494, '2020-07-20 03:16:33 PM', '2020-07-20 03:16:53 PM', 1),
(1595251194155, '2020-07-20 03:19:54 PM', '2020-07-20 03:20:07 PM', 1),
(1595251300589, '2020-07-20 03:21:40 PM', '2020-07-20 03:21:53 PM', 1),
(1595251930800, '2020-07-20 03:32:10 PM', '2020-07-20 03:32:23 PM', 1),
(1595252458416, '2020-07-20 03:40:58 PM', '2020-07-20 03:41:12 PM', 1),
(1595252604667, '2020-07-20 03:43:24 PM', '2020-07-20 03:44:24 PM', 1),
(1595252852295, '2020-07-20 03:47:32 PM', '2020-07-20 03:49:40 PM', 1),
(1595253122855, '2020-07-20 03:52:02 PM', '2020-07-20 03:57:31 PM', 1),
(1595253852236, '2020-07-20 04:04:12 PM', '2020-07-20 04:04:32 PM', 1),
(1595253930581, '2020-07-20 04:05:30 PM', '2020-07-20 04:05:57 PM', 1),
(1595254016949, '2020-07-20 04:06:56 PM', '2020-07-20 04:07:13 PM', 1),
(1595254121978, '2020-07-20 04:08:41 PM', '2020-07-20 04:09:36 PM', 1),
(1595254912760, '2020-07-20 04:21:52 PM', '2020-07-20 04:23:28 PM', 1),
(1595255202809, '2020-07-20 04:26:42 PM', '2020-07-20 04:27:46 PM', 1),
(1595255402895, '2020-07-20 04:30:02 PM', '2020-07-20 04:31:22 PM', 1),
(1595255503824, '2020-07-20 04:31:43 PM', '2020-07-20 04:32:16 PM', 1),
(1595255772446, '2020-07-20 04:36:12 PM', '2020-07-20 04:37:31 PM', 1),
(1595256132463, '2020-07-20 04:42:12 PM', '2020-07-20 04:42:40 PM', 1),
(1595535754838, '2020-07-23 10:22:34 PM', '2020-07-23 10:23:46 PM', 1),
(1595536018870, '2020-07-23 10:26:58 PM', '0000-00-00 00:00:00', 1),
(1595536091443, '2020-07-23 10:28:11 PM', '2020-07-23 10:37:40 PM', 1),
(1595536683193, '2020-07-23 10:38:03 PM', '2020-07-23 10:38:38 PM', 1),
(1595537045005, '2020-07-23 10:44:05 PM', '2020-07-23 10:45:45 PM', 1),
(1595538220694, '2020-07-23 11:03:40 PM', '2020-07-23 11:05:12 PM', 1),
(1595538504160, '2020-07-23 11:08:24 PM', '2020-07-23 11:09:26 PM', 1),
(1595538794016, '2020-07-23 11:13:14 PM', '2020-07-23 11:15:03 PM', 1),
(1595539477406, '2020-07-23 11:24:37 PM', '2020-07-23 11:24:48 PM', 1),
(1595539554257, '2020-07-23 11:25:54 PM', '2020-07-23 11:26:07 PM', 1),
(1595539931111, '2020-07-23 11:32:11 PM', '2020-07-23 11:32:52 PM', 1),
(1595540395388, '2020-07-23 11:39:55 PM', '2020-07-23 11:41:26 PM', 1),
(1595540914345, '2020-07-23 11:48:34 PM', '2020-07-23 11:52:51 PM', 1),
(1595866166770, '2020-07-27 06:09:26 PM', '2020-07-27 06:14:37 PM', 1),
(1595877521388, '2020-07-27 09:18:41 PM', '0000-00-00 00:00:00', 1),
(1595878378039, '2020-07-27 09:32:58 PM', '2020-07-27 09:34:58 PM', 1),
(1595879335834, '2020-07-27 09:48:55 PM', '2020-07-27 09:51:20 PM', 1),
(1595879517543, '2020-07-27 09:51:57 PM', '2020-07-27 09:52:51 PM', 1),
(1595879687847, '2020-07-27 09:54:47 PM', '2020-07-27 09:55:39 PM', 1),
(1595880926667, '2020-07-27 10:15:26 PM', '2020-07-27 10:17:15 PM', 1),
(1595881104354, '2020-07-27 10:18:24 PM', '2020-07-27 10:19:21 PM', 1),
(1595881210849, '2020-07-27 10:20:10 PM', '2020-07-27 10:21:47 PM', 1),
(1595881373888, '2020-07-27 10:22:53 PM', '2020-07-27 10:25:51 PM', 1),
(1595881619903, '2020-07-27 10:26:59 PM', '2020-07-27 10:28:00 PM', 1),
(1595881870435, '2020-07-27 10:31:10 PM', '2020-07-27 10:34:15 PM', 1),
(1595882241080, '2020-07-27 10:37:21 PM', '2020-07-27 10:38:47 PM', 1),
(1595882416244, '2020-07-27 10:40:16 PM', '2020-07-27 10:41:23 PM', 1),
(1595882511998, '2020-07-27 10:41:51 PM', '2020-07-27 10:43:25 PM', 1),
(1595883011661, '2020-07-27 10:50:11 PM', '2020-07-27 10:51:15 PM', 1),
(1595883137600, '2020-07-27 10:52:17 PM', '2020-07-27 10:53:43 PM', 1),
(1595883332505, '2020-07-27 10:55:32 PM', '2020-07-27 10:56:46 PM', 1),
(1595883589182, '2020-07-27 10:59:49 PM', '2020-07-27 11:02:25 PM', 1),
(1595883802013, '2020-07-27 11:03:22 PM', '2020-07-27 11:04:02 PM', 1),
(1595883975939, '2020-07-27 11:06:15 PM', '2020-07-27 11:08:01 PM', 1),
(1595884394619, '2020-07-27 11:13:14 PM', '2020-07-27 11:14:15 PM', 1),
(1595884541990, '2020-07-27 11:15:41 PM', '2020-07-27 11:16:26 PM', 1),
(1595884642904, '2020-07-27 11:17:22 PM', '2020-07-27 11:17:59 PM', 1),
(1595884910706, '2020-07-27 11:21:50 PM', '2020-07-27 11:23:22 PM', 1),
(1595885050431, '2020-07-27 11:24:10 PM', '2020-07-27 11:24:47 PM', 1),
(1595885235890, '2020-07-27 11:27:15 PM', '2020-07-27 11:28:33 PM', 1),
(1596381829632, '2020-08-02 05:23:49 PM', '2020-08-02 05:24:10 PM', 1),
(1596461976615, '2020-08-03 03:39:36 PM', '2020-08-03 03:40:01 PM', 1),
(1596462815900, '2020-08-03 03:53:35 PM', '2020-08-03 03:53:47 PM', 1),
(1596464632740, '2020-08-03 04:23:52 PM', '2020-08-03 04:24:05 PM', 1),
(1596464978020, '2020-08-03 04:29:38 PM', '2020-08-03 04:30:30 PM', 1),
(1596746112393, '2020-08-06 10:35:12 PM', '2020-08-06 10:35:27 PM', 1),
(1596746341833, '2020-08-06 10:39:01 PM', '2020-08-06 10:39:10 PM', 1),
(1596746587785, '2020-08-06 10:43:07 PM', '2020-08-06 10:43:17 PM', 1),
(1602221414371, '2020-10-09 07:30:14 AM', '2020-10-09 07:33:45 AM', 1),
(1602221650195, '2020-10-09 07:34:10 AM', '2020-10-09 07:35:46 AM', 1),
(1602221728512, '2020-10-09 07:35:28 AM', '2020-10-09 07:35:49 AM', 1),
(1602221809365, '2020-10-09 07:36:49 AM', '2020-10-09 07:36:55 AM', 1),
(1602222034859, '2020-10-09 07:40:34 AM', '2020-10-09 07:40:41 AM', 1),
(1602222982149, '2020-10-09 07:56:22 AM', '2020-10-09 07:56:29 AM', 1),
(1602749554184, '2020-10-15 10:12:34 AM', '2020-10-15 10:12:52 AM', 3),
(1602750927474, '2020-10-15 10:35:27 AM', '2020-10-15 10:35:38 AM', 1),
(1602751155884, '2020-10-15 10:39:15 AM', '2020-10-15 10:39:49 AM', 1),
(1602751990698, '2020-10-15 10:53:10 AM', '2020-10-15 10:53:16 AM', 1),
(1602754824623, '2020-10-15 11:40:24 AM', '2020-10-15 11:41:22 AM', 1),
(1602755526235, '2020-10-15 11:52:06 AM', '2020-10-15 11:52:11 AM', 1),
(1602762965913, '2020-10-15 01:56:05 PM', '2020-10-15 01:58:39 PM', 1),
(1602763432532, '2020-10-15 02:03:52 PM', '0000-00-00 00:00:00', 1),
(1602763554720, '2020-10-15 02:05:54 PM', '0000-00-00 00:00:00', 1),
(1602764374387, '2020-10-15 02:19:34 PM', '2020-10-15 02:19:42 PM', 1),
(1602765926918, '2020-10-15 02:45:26 PM', '0000-00-00 00:00:00', 1),
(1602766232519, '2020-10-15 02:50:32 PM', '0000-00-00 00:00:00', 1),
(1602766463119, '2020-10-15 02:54:23 PM', '0000-00-00 00:00:00', 1),
(1602767221515, '2020-10-15 03:07:01 PM', '0000-00-00 00:00:00', 1),
(1602767259023, '2020-10-15 03:07:39 PM', '2020-10-15 03:07:46 PM', 1),
(1602768771125, '2020-10-15 03:32:51 PM', '0000-00-00 00:00:00', 1),
(1602768917448, '2020-10-15 03:35:17 PM', '0000-00-00 00:00:00', 1),
(1602769977090, '2020-10-15 03:52:57 PM', '0000-00-00 00:00:00', 1),
(1602770059213, '2020-10-15 03:54:19 PM', '0000-00-00 00:00:00', 1),
(1602771115104, '2020-10-15 04:11:55 PM', '0000-00-00 00:00:00', 1),
(1602771239867, '2020-10-15 04:13:59 PM', '2020-10-15 04:14:06 PM', 1),
(1602771303403, '2020-10-15 04:15:03 PM', '0000-00-00 00:00:00', 1),
(1602772383444, '2020-10-15 04:33:03 PM', '0000-00-00 00:00:00', 1),
(1602773444114, '2020-10-15 04:50:44 PM', '2020-10-15 04:50:54 PM', 1),
(1602773535897, '2020-10-15 04:52:15 PM', '2020-10-15 04:52:24 PM', 1),
(1602773637788, '2020-10-15 04:53:57 PM', '2020-10-15 04:54:05 PM', 1),
(1602773736881, '2020-10-15 04:55:36 PM', '2020-10-15 04:55:43 PM', 1),
(1602773802500, '2020-10-15 04:56:42 PM', '0000-00-00 00:00:00', 1),
(1602773833717, '2020-10-15 04:57:13 PM', '0000-00-00 00:00:00', 1),
(1602773939075, '2020-10-15 04:58:59 PM', '2020-10-15 04:59:11 PM', 1),
(1602774102545, '2020-10-15 05:01:42 PM', '2020-10-15 05:01:53 PM', 1),
(1602774469144, '2020-10-15 05:07:49 PM', '0000-00-00 00:00:00', 1),
(1602774570308, '2020-10-15 05:09:30 PM', '2020-10-15 05:09:38 PM', 1),
(1602837346556, '2020-10-16 10:35:46 AM', '2020-10-16 10:35:54 AM', 1),
(1602837403288, '2020-10-16 10:36:43 AM', '2020-10-16 10:36:50 AM', 1),
(1602837902873, '2020-10-16 10:45:02 AM', '2020-10-16 10:45:09 AM', 1),
(1602838589899, '2020-10-16 10:56:29 AM', '2020-10-16 10:56:38 AM', 1),
(1602839125873, '2020-10-16 11:05:25 AM', '2020-10-16 11:05:33 AM', 1),
(1608043500803, '2020-12-15 04:45:00 PM', '2020-07-04 04:46:47 PM', 1);

-- --------------------------------------------------------

--
-- Table structure for table `medicines`
--

CREATE TABLE `medicines` (
  `ID` varchar(100) NOT NULL,
  `NAME` varchar(100) NOT NULL,
  `BATCH` varchar(50) NOT NULL,
  `TYPE` varchar(100) NOT NULL,
  `STRIPES` int(11) DEFAULT NULL,
  `UNITS` int(11) DEFAULT NULL,
  `PRICE` double NOT NULL,
  `DOM` date NOT NULL,
  `DOE` date NOT NULL,
  `IMAGE` varchar(200) DEFAULT NULL,
  `SUPPLIERID` int(11) NOT NULL,
  `EMP_ID` int(11) NOT NULL,
  `COM_ID` int(11) NOT NULL
) ENGINE=InnoDB DEFAULT CHARSET=utf8;

--
-- Dumping data for table `medicines`
--

INSERT INTO `medicines` (`ID`, `NAME`, `BATCH`, `TYPE`, `STRIPES`, `UNITS`, `PRICE`, `DOM`, `DOE`, `IMAGE`, `SUPPLIERID`, `EMP_ID`, `COM_ID`) VALUES
('0543786438073', 'fd;kljpkjgth', '2018-07-10', 'Injection', 2, 4, 60, '2019-07-09', '2021-07-07', 'file:/D:/courses/software%20engineering/Projects/new_workspace/Pharmaster_2/resources/medicine1.jpg', 1, 1, 1),
('0564785946', 'vn;knjfdk', '2018-07-09', 'Bags', 0, 9, 70, '2019-07-09', '2021-07-06', 'file:/D:/courses/software%20engineering/Projects/new_workspace/Pharmaster_2/resources/medicine1.jpg', 2, 1, 2),
('123456789101112', 'Cometrex', '2017-06-13', 'Tablets', 3, 8, 30, '2020-06-09', '2022-06-15', 'file:/D:/courses/software%20engineering/Projects/ProjectController/Pharmaster_v1/resources/medicine1.jpg', 1, 1, 1),
('2897248043', 'Serasole', '2019-07-15', 'Tablets', 3, 6, 40, '2019-07-08', '2021-07-06', 'file:/D:/courses/software%20engineering/Projects/new_workspace/Pharmaster_2/resources/medicine1.jpg', 2, 1, 2),
('398764987', 'r;ghklekr', '2020-07-15', 'Lequid', 0, 0, 30, '2020-07-01', '2021-07-03', 'file:/D:/courses/software%20engineering/Projects/new_workspace/Pharmaster_2/resources/medicine1.jpg', 1, 1, 1),
('407365087056', 'Example', '2019-07-09', 'Lequid', 0, 0, 30, '2020-07-07', '2022-07-06', 'file:/D:/courses/software%20engineering/Projects/new_workspace/Pharmaster_2/resources/medicine1.jpg', 1, 1, 1),
('40795687087', 'gb;kmnvlmolg', '2020-05-04', 'Lequid', 0, 0, 40, '2020-07-09', '2022-07-06', 'file:/D:/courses/software%20engineering/Projects/new_workspace/Pharmaster_2/resources/medicine1.jpg', 2, 1, 2),
('4359684526', 'dnojlkhirnjgfsr', '2020-07-16', 'Tablets', 3, 6, 90, '2020-07-09', '2021-07-08', 'file:/D:/courses/software%20engineering/Projects/new_workspace/Pharmaster_2/resources/medicine1.jpg', 2, 1, 2),
('43876978635', 'dnfobjhougrd', '2020-06-30', 'Tablets', 3, 6, 40, '2020-07-09', '2021-07-10', 'file:/D:/courses/software%20engineering/Projects/new_workspace/Pharmaster_2/resources/medicine1.jpg', 1, 1, 1),
('438795468387', 'Saquirtam', '2019-07-01', 'Tablets', 4, 6, 38, '2019-07-09', '2021-07-06', 'file:/D:/courses/software%20engineering/Projects/new_workspace/Pharmaster_2/resources/medicine1.jpg', 2, 1, 2),
('4539769257', 'fgnopkgpijhsd', '2020-06-30', 'Lequid', 0, 0, 30, '2020-07-07', '2021-07-09', 'file:/D:/courses/software%20engineering/Projects/new_workspace/Pharmaster_2/resources/medicine1.jpg', 2, 1, 2),
('4769498732', 'Tenie rest', '2020-07-05', 'Lequid', 0, 0, 30, '2019-07-16', '2020-08-14', 'file:/D:/courses/software%20engineering/Projects/new_workspace/Pharmaster_2/resources/medicine1.jpg', 1, 1, 1),
('4879453055', 'Igniter', '2020-07-05', 'Lequid', 0, 0, 30, '2020-07-14', '2022-07-06', 'file:/D:/courses/software%20engineering/Projects/new_workspace/Pharmaster_2/resources/medicine1.jpg', 1, 1, 1),
('49864598645967', 'rguhosfdjbnosfdg', '2020-07-01', 'Bags', 0, 12, 30, '2020-07-08', '2021-07-02', 'file:/D:/courses/software%20engineering/Projects/new_workspace/Pharmaster_2/resources/medicine1.jpg', 1, 1, 1),
('540754609', 'vflihfdknf', '2018-07-17', 'Lequid', 0, 0, 30, '2020-07-07', '2022-06-29', 'file:/D:/courses/software%20engineering/Projects/new_workspace/Pharmaster_2/resources/medicine1.jpg', 1, 1, 1),
('540754609', 'pojrhtitrh', '2020-07-08', 'Lequid', 0, 0, 30, '2020-07-02', '2021-07-09', 'file:/D:/courses/software%20engineering/Projects/new_workspace/Pharmaster_2/resources/medicine1.jpg', 2, 1, 2),
('5467080563', 'dg;jphidk;j', '2019-07-08', 'Bags', 0, 8, 30, '2020-07-06', '2022-07-05', 'file:/D:/courses/software%20engineering/Projects/new_workspace/Pharmaster_2/resources/medicine1.jpg', 2, 1, 2),
('5467086543987', 'FirstPuechase', '2020-07-15', 'Lequid', 0, 0, 20, '2020-07-08', '2021-07-08', 'file:/D:/courses/software%20engineering/Projects/new_workspace/Pharmaster_2/resources/medicine1.jpg', 2, 1, 2),
('54678954789', 'tendjojkipirde', '2019-07-08', 'Bags', 0, 7, 20, '2018-07-09', '2020-09-06', 'file:/D:/courses/software%20engineering/Projects/new_workspace/Pharmaster_2/resources/medicine1.jpg', 1, 1, 1),
('548367965', 'njlkdfhgoi', '2019-07-11', 'Lequid', 0, 0, 50, '2020-07-17', '2022-06-30', 'file:/D:/courses/software%20engineering/Projects/new_workspace/Pharmaster_2/resources/medicine1.jpg', 1, 1, 1),
('5487935654', 'Teniea rest', '2019-07-01', 'Lequid', 0, 0, 35, '2018-07-10', '2020-08-14', 'file:/D:/courses/software%20engineering/Projects/new_workspace/Pharmaster_2/resources/medicine1.jpg', 1, 1, 1),
('5607856400756', 'fml;gkntjhk;mt', '2019-07-01', 'Tablets', 3, 6, 70, '2019-07-08', '2021-06-29', 'file:/D:/courses/software%20engineering/Projects/new_workspace/Pharmaster_2/resources/medicine1.jpg', 2, 1, 2),
('560785654', 'xnkjfgojkfkj', '2019-07-09', 'Lequid', 0, 0, 25, '2020-07-13', '2022-07-12', 'file:/D:/courses/software%20engineering/Projects/new_workspace/Pharmaster_2/resources/medicine1.jpg', 2, 1, 2),
('560786548645', 'glfdknglhjdk;jm', '2018-07-03', 'Bags', 0, 8, 80, '2019-07-09', '2021-07-01', 'file:/D:/courses/software%20engineering/Projects/new_workspace/Pharmaster_2/resources/medicine1.jpg', 1, 1, 1),
('56098754608', 'lgbm;lmnfdkl', '2020-06-08', 'Lequid', 0, 0, 50, '2020-07-14', '2022-07-06', 'file:/D:/courses/software%20engineering/Projects/new_workspace/Pharmaster_2/resources/medicine1.jpg', 1, 1, 1),
('56379865389', 'nbflkfijhogf', '2020-07-01', 'Injection', 3, 5, 120, '2020-07-08', '2021-07-08', 'file:/D:/courses/software%20engineering/Projects/new_workspace/Pharmaster_2/resources/medicine1.jpg', 1, 1, 1),
('56408754608', 'jpboj[rjrjn', '2019-07-08', 'Lequid', 0, 0, 50, '2020-07-08', '2022-07-07', 'file:/D:/courses/software%20engineering/Projects/new_workspace/Pharmaster_2/resources/medicine1.jpg', 2, 1, 2),
('564708946483', 'Expire Augest2020', '2017-07-10', 'Lquid', 0, 0, 30, '2018-07-16', '2020-08-03', 'file:/D:/courses/software%20engineering/Projects/new_workspace/Pharmaster_2/resources/medicine1.jpg', 2, 1, 2),
('564709645097', 'd;hkjet;jhtjhyth', '2020-06-28', 'Tablets', 3, 6, 25, '2020-06-30', '2021-07-02', 'file:/D:/courses/software%20engineering/Projects/new_workspace/Pharmaster_2/resources/medicine1.jpg', 2, 1, 2),
('567048654', 'l;kdbpgjpoij', '2019-07-02', 'Tablets', 3, 6, 30, '2018-07-04', '2022-07-06', 'file:/D:/courses/software%20engineering/Projects/new_workspace/Pharmaster_2/resources/medicine1.jpg', 2, 1, 2),
('5676587498576', 'Move message', '2018-06-12', 'Lequid', 0, 0, 20, '2018-06-12', '2020-07-03', 'file:/C:/Users/MohamedAmin/Desktop/collection/medicine4.jpg', 2, 1, 2),
('56795060985', 'Cataflam', '2018-07-17', 'Tablets', 3, 8, 20, '2018-07-10', '2020-08-04', 'file:/D:/courses/software%20engineering/Projects/new_workspace/Pharmaster_2/resources/medicine1.jpg', 1, 1, 1),
('56798569', 'lkhjpgidjhp', '2020-06-29', 'Injection', 2, 5, 120, '2020-07-09', '2021-07-09', 'file:/D:/courses/software%20engineering/Projects/new_workspace/Pharmaster_2/resources/medicine1.jpg', 2, 1, 2),
('56870954098', 'kjfl;jkmdfs', '2018-07-09', 'Lequid', 0, 0, 30, '2020-07-07', '2022-07-07', 'file:/D:/courses/software%20engineering/Projects/new_workspace/Pharmaster_2/resources/medicine1.jpg', 1, 1, 1),
('569396875497643', 'Zantack', '2018-06-12', 'Tablets', 2, 6, 70, '2019-06-11', '2022-06-21', 'file:/C:/Users/MohamedAmin/Desktop/collection/medicine5.jpg', 2, 1, 2),
('5704387508', 'jfgipdjfk;m;okr', '2019-07-09', 'Lequid', 0, 0, 20, '2020-07-07', '2022-07-13', 'file:/D:/courses/software%20engineering/Projects/new_workspace/Pharmaster_2/resources/medicine1.jpg', 1, 1, 1),
('578956083', 'mhgdkljrm;k', '2018-07-10', 'Injection', 2, 4, 40, '2020-07-13', '2022-07-13', 'file:/D:/courses/software%20engineering/Projects/new_workspace/Pharmaster_2/resources/medicine1.jpg', 1, 1, 1),
('5887489393892', 'Expire This Month', '2018-06-12', 'Injection', 2, 5, 20, '2018-06-12', '2020-06-30', 'file:/D:/courses/software%20engineering/Projects/new_workspace/Pharmaster_2/resources/medicine1.jpg', 1, 1, 1),
('59873546879', 'Panadol Extra', '2019-07-14', 'Tablets', 3, 6, 20, '2019-07-09', '2021-07-07', 'file:/D:/courses/software%20engineering/Projects/new_workspace/Pharmaster_2/resources/medicine1.jpg', 2, 1, 2),
('60378370863', 'nkgm;kdmnhb', '2020-07-01', 'Tablets', 3, 6, 50, '2020-07-15', '2021-07-09', 'file:/D:/courses/software%20engineering/Projects/new_workspace/Pharmaster_2/resources/medicine1.jpg', 1, 1, 1),
('60975365', 'hpoijntrhmk', '2020-06-29', 'Lequid', 0, 0, 20, '2020-07-07', '2021-07-09', 'file:/D:/courses/software%20engineering/Projects/new_workspace/Pharmaster_2/resources/medicine1.jpg', 2, 1, 2),
('63708608736', 'SecondPuechase', '2020-06-28', 'Tablets', 3, 6, 60, '2020-07-01', '2021-07-08', 'file:/D:/courses/software%20engineering/Projects/new_workspace/Pharmaster_2/resources/medicine1.jpg', 1, 1, 1),
('65087543687', 'gicpjpgfdijdg', '2020-06-29', 'Tablets', 3, 8, 45, '2020-07-01', '2021-07-09', 'file:/D:/courses/software%20engineering/Projects/new_workspace/Pharmaster_2/resources/medicine1.jpg', 1, 1, 1),
('6530784356087', 'fjdpihhrgdgrf', '2020-07-01', 'Bags', 0, 10, 30, '2020-07-01', '2021-07-09', 'file:/D:/courses/software%20engineering/Projects/new_workspace/Pharmaster_2/resources/medicine1.jpg', 2, 1, 2),
('6548790456435', 'ntghjgdfpjith', '2019-07-09', 'Lequid', 0, 0, 70, '2019-07-08', '2021-07-01', 'file:/D:/courses/software%20engineering/Projects/new_workspace/Pharmaster_2/resources/medicine1.jpg', 1, 1, 1),
('6590876450987', 'ojh[djdht;kmt', '2020-06-28', 'Bags', 0, 12, 30, '2020-07-07', '2021-07-09', 'file:/D:/courses/software%20engineering/Projects/new_workspace/Pharmaster_2/resources/medicine1.jpg', 1, 1, 1),
('67084508758', 'Glotamien', '2020-06-30', 'Lequid', 0, 0, 40, '2019-07-15', '2021-07-07', 'file:/D:/courses/software%20engineering/Projects/new_workspace/Pharmaster_2/resources/medicine1.jpg', 2, 1, 2),
('748473848367487', 'Panadool', '2018-06-12', 'Injection', 3, 5, 20, '2020-06-17', '2022-06-23', 'file:/C:/Users/MohamedAmin/Desktop/collection/medicine2.lpg.jpg', 1, 1, 1),
('765985405', 'jdghpijfreiuyh', '2019-07-15', 'Tablets', 3, 6, 30, '2019-07-15', '2022-07-05', 'file:/D:/courses/software%20engineering/Projects/new_workspace/Pharmaster_2/resources/medicine1.jpg', 2, 1, 2),
('8575948785876', 'Expired', '2016-06-08', 'Lequid', 0, 0, 20, '2018-06-11', '2020-02-11', 'file:/D:/courses/software%20engineering/Projects/new_workspace/Pharmaster_2/resources/medicine1.jpg', 1, 1, 1);

-- --------------------------------------------------------

--
-- Table structure for table `purchases`
--

CREATE TABLE `purchases` (
  `SN` int(11) NOT NULL,
  `NO` varchar(100) NOT NULL,
  `ID` varchar(100) NOT NULL,
  `boxes` int(11) NOT NULL,
  `stripes` int(11) NOT NULL,
  `units` int(11) NOT NULL,
  `PRICE` double NOT NULL,
  `TIME` timestamp NOT NULL DEFAULT current_timestamp() ON UPDATE current_timestamp(),
  `SUPP_NAME` varchar(100) NOT NULL,
  `EMP_USERNAME` varchar(100) NOT NULL
) ENGINE=InnoDB DEFAULT CHARSET=utf8;

--
-- Dumping data for table `purchases`
--

INSERT INTO `purchases` (`SN`, `NO`, `ID`, `boxes`, `stripes`, `units`, `PRICE`, `TIME`, `SUPP_NAME`, `EMP_USERNAME`) VALUES
(12, '1595172287117', '56379865389', 120, 1, 3, 14464, '2020-07-20 11:22:52', 'احمد امين عبد العليم خالد', 'admin'),
(13, '1595172810844', '5467086543987', 130, 0, 0, 2600, '2020-07-20 11:22:56', 'احمد امين عبد العليم خالد', 'admin'),
(14, '1595172810844', '63708608736', 300, 1, 3, 18030, '2020-07-20 11:23:05', 'اسلام حمدى عبد العليم خالد', 'admin'),
(15, '1595173663295', '6590876450987', 60, 0, 3, 1807.5, '2020-07-20 11:23:09', 'اسلام حمدى عبد العليم خالد', 'admin'),
(16, '1595173803339', '60975365', 100, 0, 0, 2000, '2020-07-20 11:23:12', 'اسلام حمدى عبد العليم خالد', 'admin'),
(17, '1595173959410', '6530784356087', 50, 0, 3, 1509, '2020-07-20 11:23:21', 'احمد امين عبد العليم خالد', 'admin'),
(18, '1595175573265', '60378370863', 20, 2, 3, 1041.6666666666665, '2020-07-20 11:23:25', 'احمد امين عبد العليم خالد', 'admin'),
(19, '1595175573265', '567048654', 20, 0, 5, 813.3333333333334, '2020-07-20 11:23:28', 'احمد امين عبد العليم خالد', 'admin'),
(20, '1595175573265', '4539769257', 10, 0, 0, 300, '2020-07-20 11:23:31', 'احمد امين عبد العليم خالد', 'admin'),
(21, '1595175573265', '578956083', 30, 1, 2, 1535, '2020-07-20 11:23:37', 'احمد امين عبد العليم خالد', 'admin'),
(22, '1595179412919', '43876978635', 20, 2, 3, 833.3333333333333, '2020-07-19 17:23:33', 'احمد امين عبد العليم خالد', 'admin'),
(23, '1595229568885', '4359684526', 120, 2, 3, 10875, '2020-07-20 07:19:29', 'اسلام حمدى عبد العليم خالد', 'admin'),
(24, '1595229568885', '49864598645967', 30, 0, 3, 907.5, '2020-07-20 07:19:29', 'احمد امين عبد العليم خالد', 'admin'),
(25, '1595231657837', '65087543687', 30, 1, 3, 1370.625, '2020-07-20 07:54:17', 'احمد امين عبد العليم خالد', 'admin'),
(26, '1595232366287', '56798569', 40, 1, 3, 4896, '2020-07-20 08:06:06', 'اسلام حمدى عبد العليم خالد', 'admin'),
(27, '1595866282408', '564709645097', 30, 0, 0, 600, '2020-07-27 16:11:22', 'اسلام حمدى عبد العليم خالد', 'admin');

-- --------------------------------------------------------

--
-- Table structure for table `quantity`
--

CREATE TABLE `quantity` (
  `ID` varchar(100) NOT NULL,
  `BOXES` int(11) DEFAULT NULL,
  `STRIPES` int(11) DEFAULT NULL,
  `UNITS` int(11) DEFAULT NULL
) ENGINE=InnoDB DEFAULT CHARSET=utf8;

--
-- Dumping data for table `quantity`
--

INSERT INTO `quantity` (`ID`, `BOXES`, `STRIPES`, `UNITS`) VALUES
('0543786438073', 292, 1, 3),
('0564785946', 1, 0, 0),
('123456789101112', 65, 2, 7),
('2897248043', 121, 0, 4),
('398764987', 10, 0, 0),
('407365087056', 220, 0, 0),
('40795687087', 500, 0, 0),
('4359684526', 120, 2, 3),
('43876978635', 20, 2, 3),
('438795468387', 159, 1, 1),
('4539769257', 10, 0, 0),
('4769498732', 153, 0, 0),
('4879453055', 230, 0, 0),
('49864598645967', 30, 0, 3),
('540754609', 240, 0, 0),
('5467080563', 300, 0, 0),
('5467086543987', 130, 0, 0),
('54678954789', 120, 0, 0),
('548367965', 300, 0, 0),
('5487935654', 140, 0, 0),
('5607856400756', 400, 0, 0),
('560785654', 300, 0, 0),
('560786548645', 200, 0, 0),
('56098754608', 30, 0, 0),
('56379865389', 120, 1, 3),
('56408754608', 230, 0, 0),
('564708946483', 50, 0, 0),
('564709645097', 28, 0, 0),
('567048654', 220, 0, 5),
('5676587498576', 30, 0, 0),
('56795060985', 120, 2, 4),
('56798569', 40, 1, 3),
('56870954098', 200, 0, 0),
('569396875497643', 200, 3, 5),
('5704387508', 300, 0, 0),
('578956083', 327, 2, 5),
('5887489393892', 120, 0, 3),
('59873546879', 200, 0, 0),
('60378370863', 20, 2, 3),
('60975365', 100, 0, 0),
('63708608736', 300, 1, 3),
('65087543687', 30, 1, 3),
('6530784356087', 50, 0, 3),
('6548790456435', 333, 0, 0),
('6590876450987', 60, 0, 3),
('67084508758', 230, 0, 0),
('748473848367487', 75, 0, 3),
('74983984658', 200, 0, 0),
('765985405', 200, 0, 0),
('8575948785876', 120, 0, 0);

-- --------------------------------------------------------

--
-- Table structure for table `sales`
--

CREATE TABLE `sales` (
  `SN` int(11) NOT NULL,
  `NO` varchar(100) NOT NULL,
  `ID` varchar(100) NOT NULL,
  `BOXES` int(11) NOT NULL,
  `STRIPES` int(11) DEFAULT NULL,
  `UNITS` int(11) DEFAULT NULL,
  `PRICE` double NOT NULL,
  `TIME` timestamp NOT NULL DEFAULT current_timestamp() ON UPDATE current_timestamp(),
  `EMP_USERNAME` varchar(100) NOT NULL
) ENGINE=InnoDB DEFAULT CHARSET=utf8;

--
-- Dumping data for table `sales`
--

INSERT INTO `sales` (`SN`, `NO`, `ID`, `BOXES`, `STRIPES`, `UNITS`, `PRICE`, `TIME`, `EMP_USERNAME`) VALUES
(64, '1595088261276', '123456789101112', 0, 1, 0, 10, '2020-07-18 16:04:21', 'user'),
(69, '1595089041524', '0564785946', 1, 0, 0, 70, '2020-07-18 16:17:21', 'user'),
(77, '1595089738195', '123456789101112', 0, 0, 2, 2.5, '2020-07-18 16:28:59', 'user'),
(129, '1595080635460', '560785654', 3, 0, 0, 150, '2020-07-20 08:56:53', 'user'),
(130, '1595080635460', '578956083', 2, 0, 0, 50, '2020-07-20 09:01:16', 'user'),
(131, '1595080635460', '4539769257', 1, 0, 0, 70, '2020-07-20 09:01:16', 'user'),
(132, '1595245212209', '0564785946', 273, 0, 0, 19110, '2020-07-20 11:40:12', 'admin'),
(133, '1595245212209', '0564785946', 0, 0, 5, 38.888888888888886, '2020-07-20 11:40:12', 'admin'),
(134, '1595540956245', '0564785946', 0, 0, 1, 7.78, '2020-07-23 21:49:16', 'admin'),
(135, '1595540956245', '2897248043', 0, 1, 0, 13.33, '2020-07-23 21:49:16', 'admin'),
(136, '1595541105199', '2897248043', 0, 0, 1, 2.22, '2020-07-23 21:51:45', 'admin'),
(137, '1595541105199', '123456789101112', 0, 2, 0, 20, '2020-07-23 21:51:45', 'admin'),
(138, '1595541105199', '0564785946', 0, 0, 1, 7.78, '2020-07-23 21:51:45', 'admin'),
(139, '1595541105199', '2897248043', 0, 0, 1, 2.22, '2020-07-23 21:51:45', 'admin'),
(140, '1595541105199', '123456789101112', 0, 0, 1, 1.25, '2020-07-23 21:51:45', 'admin'),
(141, '1595866421425', '564709645097', 2, 0, 0, 50, '2020-07-27 16:13:41', 'admin');

-- --------------------------------------------------------

--
-- Table structure for table `supplier`
--

CREATE TABLE `supplier` (
  `ID` int(11) NOT NULL,
  `NAME` varchar(100) NOT NULL,
  `PHONE` varchar(20) NOT NULL,
  `ADDRESS` varchar(200) NOT NULL,
  `EMAIL` varchar(100) DEFAULT NULL,
  `IMAGE` varchar(200) DEFAULT NULL,
  `COM_ID` int(11) NOT NULL
) ENGINE=InnoDB DEFAULT CHARSET=utf8;

--
-- Dumping data for table `supplier`
--

INSERT INTO `supplier` (`ID`, `NAME`, `PHONE`, `ADDRESS`, `EMAIL`, `IMAGE`, `COM_ID`) VALUES
(1, 'احمد امين عبد العليم خالد', '011833375755', 'البحيره - ابو حمص - بلقطر الشرقيه', 'undefined!', 'file:/D:/courses/software%20engineering/Projects/ProjectController/Pharmaster_v1/resources/avatar2.jpg', 1),
(2, 'اسلام حمدى عبد العليم خالد', '0128484776677', 'البحيره - ابو حمص - بلقطر الشرقيه - كدوة السبيل', 'undefined!', 'file:/D:/private/Camera/family/20160831_035735.jpg', 2);

--
-- Indexes for dumped tables
--

--
-- Indexes for table `companies`
--
ALTER TABLE `companies`
  ADD PRIMARY KEY (`ID`,`NAME`);

--
-- Indexes for table `employees`
--
ALTER TABLE `employees`
  ADD PRIMARY KEY (`ID`,`USERNAME`);

--
-- Indexes for table `log`
--
ALTER TABLE `log`
  ADD PRIMARY KEY (`NO`,`EMP_ID`),
  ADD KEY `EMP_ID` (`EMP_ID`);

--
-- Indexes for table `medicines`
--
ALTER TABLE `medicines`
  ADD PRIMARY KEY (`ID`,`SUPPLIERID`,`EMP_ID`,`COM_ID`),
  ADD KEY `SUPPLIERID` (`SUPPLIERID`),
  ADD KEY `COM_ID` (`COM_ID`),
  ADD KEY `EMP_ID` (`EMP_ID`);

--
-- Indexes for table `purchases`
--
ALTER TABLE `purchases`
  ADD PRIMARY KEY (`SN`),
  ADD KEY `ID` (`ID`),
  ADD KEY `EMP_USERNAME` (`EMP_USERNAME`);

--
-- Indexes for table `quantity`
--
ALTER TABLE `quantity`
  ADD PRIMARY KEY (`ID`);

--
-- Indexes for table `sales`
--
ALTER TABLE `sales`
  ADD PRIMARY KEY (`SN`),
  ADD KEY `ID` (`ID`),
  ADD KEY `EMP_USERNAME` (`EMP_USERNAME`);

--
-- Indexes for table `supplier`
--
ALTER TABLE `supplier`
  ADD PRIMARY KEY (`ID`,`COM_ID`),
  ADD KEY `COM_ID` (`COM_ID`);

--
-- AUTO_INCREMENT for dumped tables
--

--
-- AUTO_INCREMENT for table `companies`
--
ALTER TABLE `companies`
  MODIFY `ID` int(11) NOT NULL AUTO_INCREMENT, AUTO_INCREMENT=3;

--
-- AUTO_INCREMENT for table `employees`
--
ALTER TABLE `employees`
  MODIFY `ID` int(11) NOT NULL AUTO_INCREMENT, AUTO_INCREMENT=5;

--
-- AUTO_INCREMENT for table `purchases`
--
ALTER TABLE `purchases`
  MODIFY `SN` int(11) NOT NULL AUTO_INCREMENT, AUTO_INCREMENT=28;

--
-- AUTO_INCREMENT for table `sales`
--
ALTER TABLE `sales`
  MODIFY `SN` int(11) NOT NULL AUTO_INCREMENT, AUTO_INCREMENT=142;

--
-- AUTO_INCREMENT for table `supplier`
--
ALTER TABLE `supplier`
  MODIFY `ID` int(11) NOT NULL AUTO_INCREMENT, AUTO_INCREMENT=3;

--
-- Constraints for dumped tables
--

--
-- Constraints for table `log`
--
ALTER TABLE `log`
  ADD CONSTRAINT `log_ibfk_1` FOREIGN KEY (`EMP_ID`) REFERENCES `employees` (`ID`);

--
-- Constraints for table `medicines`
--
ALTER TABLE `medicines`
  ADD CONSTRAINT `medicines_ibfk_1` FOREIGN KEY (`SUPPLIERID`) REFERENCES `supplier` (`ID`),
  ADD CONSTRAINT `medicines_ibfk_2` FOREIGN KEY (`COM_ID`) REFERENCES `companies` (`ID`);

--
-- Constraints for table `purchases`
--
ALTER TABLE `purchases`
  ADD CONSTRAINT `purchases_ibfk_1` FOREIGN KEY (`ID`) REFERENCES `medicines` (`ID`);

--
-- Constraints for table `sales`
--
ALTER TABLE `sales`
  ADD CONSTRAINT `sales_ibfk_1` FOREIGN KEY (`ID`) REFERENCES `medicines` (`ID`);

--
-- Constraints for table `supplier`
--
ALTER TABLE `supplier`
  ADD CONSTRAINT `supplier_ibfk_1` FOREIGN KEY (`COM_ID`) REFERENCES `companies` (`ID`);
COMMIT;

/*!40101 SET CHARACTER_SET_CLIENT=@OLD_CHARACTER_SET_CLIENT */;
/*!40101 SET CHARACTER_SET_RESULTS=@OLD_CHARACTER_SET_RESULTS */;
/*!40101 SET COLLATION_CONNECTION=@OLD_COLLATION_CONNECTION */;
